﻿Designator,Footprint,Quantity,Value,LCSC Part #
"C1, C10, C14",0402,3,1uF,
"C11, C12, C17, C2, C3, C4, C5, C6, C7, C8, C9",0402,11,0.1uF,
"C13, C18",0402,2,10uF,
"C15, C16",0402,2,33pF,
D1,0402,1,PWR_LED,
D2,0402,1,USR_LED,
J1,USB_C_Receptacle_HRO_TYPE-C-31-M-12,1,USB_C_Receptacle_USB2.0_14P,
J10,SolderWirePad_1x01_SMD_1x2mm,1,GPIO29_ADC3,
"J11, J43, J5, J6",SolderWirePad_1x01_SMD_1x2mm,4,GND,
J12,SolderWirePad_1x01_SMD_1x2mm,1,GPIO0,
J13,SolderWirePad_1x01_SMD_1x2mm,1,GPIO1,
J14,SolderWirePad_1x01_SMD_1x2mm,1,GPIO2,
J15,SolderWirePad_1x01_SMD_1x2mm,1,GPIO3,
J16,SolderWirePad_1x01_SMD_1x2mm,1,GPIO4,
J17,SolderWirePad_1x01_SMD_1x2mm,1,GPIO5,
J18,SolderWirePad_1x01_SMD_1x2mm,1,GPIO6,
J19,SolderWirePad_1x01_SMD_1x2mm,1,GPIO7,
J2,SolderWirePad_1x01_SMD_1x2mm,1,RUN,
J20,SolderWirePad_1x01_SMD_1x2mm,1,GPIO8,
J21,SolderWirePad_1x01_SMD_1x2mm,1,GPIO9,
"J22, J23, J24, J25, J26, J27, J28, J29, J30, J31, J32, J33, J34, J35, J36, J37, J38, J39, J40, J41",SolderWirePad_1x01_SMD_1x2mm,20,Conn_01x01,
J3,SolderWirePad_1x01_SMD_1x2mm,1,3V3,
J4,SolderWirePad_1x01_SMD_1x2mm,1,VBUS,
J42,SolderWirePad_1x01_SMD_1x2mm,1,SWCLK,
J44,SolderWirePad_1x01_SMD_1x2mm,1,SWD,
J7,SolderWirePad_1x01_SMD_1x2mm,1,GPIO26_ADC0,
J8,SolderWirePad_1x01_SMD_1x2mm,1,GPIO27_ADC1,
J9,SolderWirePad_1x01_SMD_1x2mm,1,GPIO28_ADC2,
"R1, R2",0402,2,5.1K,
"R3, R4",0402,2,27,
"R5, R6, R8, R9",0402,4,1K,
R7,0402,1,10K,
SW1,SW_Push_SPST_NO_Alps_SKRK,1,BOOT,
U1,QFN-56-1EP_7x7mm_P0.4mm_EP3.2x3.2mm,1,RP2040,
U2,WSON-8-1EP_6x5mm_P1.27mm_EP3.4x4.3mm,1,W25Q128JVP,
U3,WSON-6-1EP_2x2mm_P0.65mm_EP1x1.6mm,1,TLV75733PDRV,
Y1,Crystal_SMD_3225-4Pin_3.2x2.5mm,1,12 MHz,
